{
  "pixelsPerMeter": 53.25115325432569,
  "pixelLength": 211.00236965494014,
  "realWorldLength": 13,
  "unit": "feet"
}